"First Name","Last Name"
"Andrew","Bein"
"Andrew","Nagase"
"Guylene","Peterson"
"Nancy","Nodier"
"Petra","Wilson"
"Sven","Murphy"
"Mayumi","Nodier"
"Ian","Fuller"
"Mayumi","Murphy"
"Ian","Petersen"
"Antoni","Winkler"
"Cheryl","Fuller"
"Guylene","Bein"
"Andrew","Bjorn"
"Lars","Nodier"
"Antoni","Wilson"
"Peter","Nagase"
"Petra","Nagase"
"Shelley","Bein"
"Michael","Bjorn"
"Martin","Nodier"
"Yoshi","Vileid"
"Mayumi","Saavedra"
"Nancy","Peterson"
"Ian","Peterson"
"Yoshi","Petersen"
"Beate","Petersen"
"Peter","Saylor"
"Ian","Winkler"
"Antoni","Rossi"
"Shelley","Nagase"
"Ian","Murphy"
"Beate","Nodier"
"Cheryl","Saylor"
"Mayumi","Petersen"
"Mayumi","Ohno"
"Mayumi","Petersen"
"Yoshi","Davolio"
"Beate","Bein"
"Martin","Ohno"
"Peter","Peterson"
"Mayumi","Vileid"
"Michael","Nodier"
"Guylene","Murphy"
"Michael","Nagase"
"Beate","Bjorn"
"Andrew","Petersen"
"Nancy","Petersen"
"Petra","Vileid"
"Yoshi","Nagase"
"Petra","Rossi"
"Lars","Murphy"
"Andrew","Bjorn"
"Shelley","Murphy"
"Nancy","Vileid"
"Michael","Murphy"
"Shelley","Davolio"
"Peter","Petersen"
"Elio","Wilson"
"Nancy","Burke"
"Ian","Davolio"
"Beate","Nagase"
"Ian","Devling"
"Ian","Nagase"
"Ian","Saavedra"
"Guylene","Petersen"
"Cheryl","Vileid"
"Sven","Winkler"
"Andrew","Ohno"
"Ian","Vileid"
"Mayumi","Davolio"
"Beate","Winkler"
"Ian","Murphy"
"Nancy","Ohno"
"Peter","Peterson"
"Sven","Burke"
"Beate","Murphy"
"Peter","Burke"
"Martin","Murphy"
"Cheryl","Petersen"
"Sven","Rossi"
"Cheryl","Nagase"
"Martin","Bjorn"
"Nancy","Burke"
"Martin","Winkler"
"Elio","Fuller"
"Lars","Bein"
"Regina","Nodier"
"Antoni","Vileid"
"Peter","Fuller"
"Regina","Saylor"
"Shelley","Nagase"
"Ian","Bein"
"Sven","Nodier"
"Michael","Winkler"
"Lars","Burke"
"Michael","Wilson"
"Regina","Winkler"
"Lars","Saavedra"
"Shelley","Rossi"